0,1,2,3,4,5,6,7,8,9,10,11,12,13,14,15,16,17,18,19,20,21,22,23,24
178.0,32.0,180.8535318980528,178.71765441612084,39.0,145.34441853748632,51.264022471905186,55.65968020030299,46.75467891024384,33.0,35.014282800023196,47.4236228055175,90.00000000000003,27.75624344046812,51.66006633772401,88.36342295838328,79.80849814997231,145.06511657268518,59.31565918377539,44.07280683015171,10.191501850027729,7.178639986846622,69.02427447850062,47.563770211465,1.0
196.57314160383152,47.0,198.59506539690256,185.32404053441098,53.009433122794285,135.19245541079576,36.235341863986875,19.026297590440446,48.83646178829912,32.01562118716424,36.0,47.4236228055175,85.62364961051586,16.092001764651968,120.99226189266349,88.21008939175394,80.72739822279969,157.66857030620616,39.49765957381748,42.436229788535,13.648952166684442,6.2394279291417964,19.510078533518993,49.353680819711066,1.0
196.65197685250968,17.029386365926403,213.67732682715777,188.8200201249857,53.0,139.97856978837868,32.0,18.0,36.71511950137164,33.0,35.0,48.104053883222775,178.6996022919905,19.49053050797541,90.0,90.0,1.1967690908081567,153.25189583707854,60.64224645720873,43.31531568210371,0.10362861719914523,7.2575736549460546,29.357753542791276,46.68468431789629,1.0
196.73586353280888,0.0,196.73586353280888,184.35834670553976,36.013886210738214,150.2165104108067,32.0,35.0,47.4236228055175,47.0,38.07886552931954,47.4236228055175,,16.682712949789465,90.0,66.80140948635182,,159.3708197115029,42.436229788535,65.63482030218319,0.0,3.9464673387077087,47.563770211465,47.563770211465,1.0
196.0,32.0,198.59506539690256,184.6212338816963,39.0,155.7562197795003,32.0,35.014282800023196,48.104053883222775,32.0,35.0,47.4236228055175,90.0,38.01107788330364,91.63657704161672,90.0,80.7273982227997,133.11884419948186,41.678738640487005,42.436229788535,9.272601777200324,8.870077917214482,46.68468431789629,47.563770211465,1.0
196.65197685250968,1.0,196.73586353280888,188.8200201249857,36.0,155.3479964466874,32.0,38.07886552931954,58.60034129593445,32.0,35.0,47.4236228055175,94.666858371439,19.490530507975468,113.1985905136482,90.0,85.0428739303193,156.0749592419933,30.127059816778633,42.436229788535,0.2902676982411108,4.434510250031251,36.674349669573175,47.563770211465,1.0
195.57607215607945,1.4142135623730951,196.65197685250968,184.35834670553976,36.0,149.89329538041386,51.264022471905186,36.013886210738214,50.32891812864648,32.0,18.0,36.71511950137164,139.3987053549967,15.091572678594904,67.85281450922196,90.0,40.33314162855985,161.32329826780992,70.63536354056241,60.64224645720873,0.2681530164422287,3.585129053595182,41.511821950215655,29.357753542791276,1.0
195.57607215607945,1.4142135623730951,196.65197685250968,184.6212338816963,36.0,150.2165104108067,49.9799959983992,36.0,50.695167422546305,32.01562118716424,19.0,36.71511950137164,139.3987053549967,15.391212935263148,70.11483488614458,88.21008939175394,40.33314162855985,160.96195998269758,67.98871680208063,60.64224645720873,0.2681530164422287,3.646827082039133,41.896448311774805,31.14766415103733,1.0
160.70158679988197,39.81205847478876,198.59506539690256,173.25414857947845,36.0,140.4314779527724,32.0,24.20743687382041,50.695167422546305,32.0,19.0,37.21558813185679,160.0781028073023,21.678589139614424,128.29016319224309,90.0,16.005120458352597,152.88755357204417,29.698553609837585,59.30027744918559,3.9167767343450937,5.4338572883413745,22.011283197919376,30.69972255081442,1.0
160.70158679988197,55.65968020030299,215.3903433304288,189.49670181826386,53.009433122794285,140.4314779527724,31.0,35.014282800023196,47.4236228055175,33.0,35.0,48.104053883222775,167.57193660016276,18.979678833760403,91.63657704161672,90.0,9.239969531893419,153.96847775870498,40.79965274691828,43.31531568210371,3.188093867943844,7.051843407534619,47.56377021146501,46.68468431789629,1.0
160.00312496948303,39.395431207184416,196.73586353280888,194.74342094150447,36.0,162.49615380063616,32.0,39.0,59.20304046246274,32.0,36.0,48.16637831516918,156.39560498474538,23.93261630809154,112.61986494804043,90.0,19.00536290489751,150.91114857713947,29.92955682022285,41.63353933657021,4.599032110357178,5.156235114769063,37.450578231736735,48.3664606634298,1.0
177.63445611704955,39.395431207184416,215.24404753674375,205.54804791094466,53.0,156.16977940690063,36.235341863986875,36.013886210738214,38.07886552931954,47.01063709417264,19.0,50.32891812864648,160.88151140050252,18.434948822922035,63.61166588271445,88.7811247648687,15.681806731856442,155.40422845905542,58.47734788829762,69.04422326936783,3.4366818676411057,6.16082271802263,57.91098622898793,22.174651965763502,1.0
178.71765441612084,39.81205847478876,216.52944372532804,206.18438350175796,54.0,155.7562197795003,36.235341863986875,36.013886210738214,38.07886552931954,47.0,19.0,50.695167422546305,159.8586562568749,18.083445383048648,63.61166588271445,90.0,16.511442073714527,155.73870914752223,58.47734788829762,67.98871680208065,3.6299016694105357,6.177845469429119,57.91098622898793,22.011283197919376,1.0
178.80995498014084,61.40032573203501,235.93431289238112,222.12158832495322,53.0,171.95638982020995,33.0,36.0,48.83646178829912,48.0,36.0,60.0,155.1319149293703,16.476881393688064,90.0,90.0,18.58503565582768,158.50795996665533,42.510447078000844,53.13010235415599,6.283049414801947,5.0151586396565735,47.48955292199916,36.86989764584401,1.0
195.7396229688818,61.40032573203501,252.6024544615511,239.70189819857498,53.0,189.15602025840997,51.264022471905186,54.00925846556311,60.802960454241045,47.0,35.0,58.60034129593445,154.65881272782582,15.485726156909786,70.50486647068077,90.00000000000001,19.36954421915166,160.22392339736078,52.634591187160545,53.325650330426846,5.971643053022549,4.290350445729456,56.860542342158695,36.674349669573175,1.0
196.73586353280888,62.26556030423239,254.566297847928,240.66574330386118,54.0,189.15602025840997,51.264022471905186,53.009433122794285,60.21627686929839,47.0,35.0,58.60034129593445,155.0981099047576,15.422161318738677,70.52487896707723,90.00000000000001,18.990490824754385,160.2239233973608,53.38139802136493,53.325650330426846,5.911399270488006,4.353915283900542,56.09372301155785,36.674349669573175,1.0
215.24404753674375,56.61271941887264,271.28029784707917,257.0933682536366,71.0,189.15602025840997,48.010415536631214,53.0,70.76722405181653,48.010415536631214,35.0,60.0,170.80590798646585,14.414606323152855,88.80651057601796,91.19348942398204,7.283272406228144,160.22392339736072,42.70938995736149,53.13010235415599,1.9108196073061214,5.3614702794864275,48.48409946662058,35.67640822186199,1.0
215.24404753674375,62.76941930590086,274.33191575170395,257.0933682536366,71.00704190430693,188.8200201249857,48.0,55.08175741568164,82.3286098510111,48.0,36.0,60.0,157.6300142856688,13.607676868050534,105.80251395393555,90.0,17.374270914736957,161.31639894712683,34.12459599371349,53.13010235415599,4.995714799594277,5.075924184822646,40.07289005235099,36.86989764584401,1.0
215.3903433304288,56.61271941887264,271.4590208484515,256.8462575160479,71.0,188.8200201249857,49.0,36.0,60.802960454241045,48.0,36.0,60.0,171.06914465454363,14.198554023863242,90.00000000000001,90.0,7.07553614386823,160.5094694920245,53.69550287742478,53.13010235415599,1.8553192015881572,5.291976484112264,36.30449712257524,36.86989764584401,1.0
233.3452377915607,55.362442142665635,288.19611378365255,273.3587386567329,71.0,204.9243762952568,51.86520991955976,53.0,60.802960454241045,48.0,35.0,59.405386961116584,171.33173057285057,13.32453126189081,70.86635679409453,90.0,7.009208968428969,162.09555249375174,53.69550287742477,53.901716032892,1.6590604587206772,4.579916244357425,55.43814032848072,36.09828396710801,1.0
216.23366990364843,55.65968020030299,271.28029784707917,240.66574330386118,54.0,189.15602025840997,49.0,55.08175741568164,83.09632964216891,47.0,36.0,59.20304046246274,170.45863190882628,15.422161318738677,105.80251395393553,90.0,7.592386592664915,160.2239233973608,34.56848074160016,52.54942176826328,1.9489814985088854,4.353915283900542,39.62900530446429,37.450578231736735,1.0
231.5534495532295,47.50789408087881,271.1051456538588,256.3766760062233,71.00704190430693,188.2153022471871,50.92150822589606,70.00714249274856,72.18032973047436,48.0,36.0,60.0,143.23010397675873,13.879758494834636,71.31600695502638,90.0,30.7486122726376,160.92785510124452,41.93580197241632,53.13010235415599,6.021283750603731,5.192386403920749,66.7481910725573,36.86989764584401,1.0
214.59729728027799,55.362442142665635,268.9107658685312,240.66574330386118,54.00925846556311,188.8200201249857,49.01020301937138,54.0,72.18032973047436,48.0,53.0,71.50524456289902,167.47746933132356,14.361249628474456,88.83086067209258,90.0,9.964060306216393,161.5703811822888,42.754257434104936,42.16588898369349,2.5584703624601786,4.068369189236775,48.41488189380249,47.834111016306515,1.0
213.00234740490538,55.362442142665635,266.54267950930483,244.13520843991347,71.58910531638176,173.25414857947845,49.0,54.0,72.91776189653656,48.010415536631214,53.0,70.76722405181653,163.47062051239106,6.785486765995019,90.0,88.80651057601796,13.141584691320748,170.4161679373979,42.22083313592791,42.70938995736149,3.387794796288215,2.7983452966070934,47.77916686407209,48.48409946662058,1.0
213.60009363293827,53.009433122794285,266.54267950930483,244.13520843991347,71.58910531638176,173.25414857947845,49.01020301937138,72.56721022610694,94.847245611035,50.92150822589606,53.009433122794285,60.802960454241045,176.78508367538896,6.785486765995019,100.76018284933093,71.57847567999848,2.575862903324132,170.4161679373979,30.506907611296658,52.61457869076409,0.6390534212874329,2.7983452966070934,48.73290953937241,55.80694562923744,1.0
196.73586353280888,77.47257579298626,271.28029784707917,223.36517185989405,54.0,172.32527382830412,65.25335240430181,54.00925846556311,95.58765610684259,50.92150822589606,53.0,60.0,161.37009554455236,16.65010549860296,106.16200985164967,70.49755149333778,13.39552867510064,158.1985905136483,40.97085427986406,53.13010235415599,5.23437578034702,5.151303987748742,32.86713586848626,56.37234615250624,1.0
198.4363877921587,72.03471385380801,270.29613389761977,236.13978910806202,71.00704190430693,167.0449041425688,64.00781202322104,71.0,96.33275663033837,51.264022471905186,54.00925846556311,60.802960454241045,175.3372181634517,11.169202989100983,90.89517371021107,70.50486647068077,3.4214108473973552,164.1076852211088,41.63353933657021,52.634591187160545,1.2413709891505917,4.723111789790137,47.47128695321873,56.860542342158695,1.0
198.59506539690256,61.40032573203501,256.8462575160479,219.53815158190613,54.0,167.3349933516597,65.25335240430181,54.00925846556311,95.58765610684259,51.264022471905186,72.56721022610694,82.3286098510111,158.94899491465023,12.896809137668725,106.16200985164967,81.37327695765488,16.125052838686894,162.97279266495204,40.97085427986406,37.99778777041069,4.925952246663006,4.130398197379347,32.86713586848626,60.62893527193445,1.0
198.59506539690256,55.65968020030299,253.77549133042774,223.0807028857494,54.0,171.95638982020995,51.86520991955976,56.04462507680822,95.58765610684259,51.264022471905186,70.00714249274856,71.449282711585,171.4887133345079,16.40403458606897,124.65775420265976,70.26241024210513,6.651067551418191,158.50795996665533,26.50765497337402,42.48018993298527,1.8602191140739646,5.088005447275617,28.834590823966213,67.2573998249096,1.0
182.0164827701052,62.26556030423239,241.6298822579691,202.52901026766511,56.04462507680822,146.53668482670133,66.21933252457322,54.0,95.58765610684259,50.92150822589606,71.58910531638176,82.3286098510111,160.58660589160206,2.1054029156855374,104.87568200163881,82.5923085703499,14.49991249524763,177.08951645726452,42.031765970128276,37.83235287063692,4.913481613150346,0.805080627050027,33.092552028232895,59.5753385590132,1.0
184.35834670553976,76.55716818169282,260.2786967848118,198.59506539690256,53.0,146.53668482670133,66.48308055437865,54.0,96.33275663033837,51.264022471905186,57.0087712549569,73.06161783043132,171.20507275696036,9.272601777200324,105.70863782901574,84.69907348347431,6.217305714219836,167.38637254598126,41.63353933657021,44.31909749498096,2.577621528819672,3.3410256768185307,32.657822834414056,50.98182902154473,1.0
183.65728953678914,62.26556030423239,244.4606307772276,196.65197685250968,53.0,143.8923208513922,66.21933252457322,56.04462507680822,86.2670273047588,50.92150822589606,70.00714249274856,72.18032973047436,165.61499652383526,4.6668583714391145,89.35157100488452,71.31600695502638,10.757005612684386,173.61583606048742,50.13525318128466,41.93580197241632,3.6279978634803522,1.717305568073629,40.51317581383082,66.7481910725573,1.0
184.10051602317685,55.65968020030299,239.70189819857498,198.75864761061342,53.0,146.75830470538966,65.25335240430181,54.0,94.92101980067429,50.92150822589606,71.58910531638176,82.3286098510111,177.00719645601868,9.557104221670473,105.10109816138544,82.5923085703499,2.298162285782889,167.0053832080837,41.58341180822867,37.83235287063692,0.6946412581986907,3.437512570245872,33.31549003038592,59.5753385590132,1.0
178.80995498014084,56.32051136131489,234.33522995913356,205.8761763779384,56.04462507680822,149.89329538041386,49.01020301937138,55.08175741568164,83.73768566183328,51.264022471905186,54.00925846556311,60.802960454241045,168.95116041016547,2.2947779177683163,106.97165328184296,70.50486647068077,8.408837043626146,176.84740926456448,34.041486421145166,52.634591187160545,2.6400025462082994,0.8578128176670837,38.98686029701191,56.860542342158695,1.0
161.7930777258409,72.03471385380801,233.3452377915607,189.76301009416983,56.04462507680822,133.8992158304148,51.86520991955976,36.0,72.18032973047436,49.9799959983992,53.009433122794285,60.0,172.02493675041237,3.865679080040156,109.13364320590549,71.19575907280525,5.520316780600844,174.51732156598217,42.754257434104936,52.04917816749529,2.454746468986783,1.616999353977818,28.112099359989593,56.755062759699456,1.0
177.81451009408653,61.40032573203501,234.95531490051465,184.35834670553976,53.0,133.8992158304148,65.25335240430181,36.0,82.3286098510111,32.0,39.0,59.20304046246274,155.16254956245436,15.091572678594929,105.10109816138544,112.61986494804043,18.53542356344236,158.9932105692281,49.92710994764902,29.92955682022285,6.302026874103352,5.9152167521770345,24.971791890965548,37.450578231736735,1.0
146.53668482670133,55.362442142665635,201.79197209007103,167.0449041425688,36.0,132.9661611087573,51.264022471905186,35.014282800023196,72.18032973047436,32.0,53.009433122794285,62.433965115151864,175.81525567271387,16.69924423399357,112.19262226120019,91.0809241866607,3.0375866695138716,158.8387401831718,41.11768039248822,30.827182748992467,1.1471576577723088,4.46201558283464,26.689697346311608,58.09189306434685,1.0
167.0449041425688,61.91122676865643,227.52802025245154,195.65530915362353,55.08175741568164,145.34441853748632,51.264022471905186,36.013886210738214,71.58910531638176,33.0,53.0,62.433965115151864,165.5767740372016,20.49319840967032,108.96490494838886,90.0,10.536951842198581,151.88246756679013,42.62648554833848,31.90810693565316,3.8862741205999596,7.624334023539528,28.408609503272665,58.091893064346834,1.0
157.07959765672945,48.16637831516918,203.59273071502332,178.71765441612084,40.311288741492746,141.0,50.32891812864648,38.07886552931954,61.91122676865643,37.589892258425,39.395431207184416,56.61271941887264,162.8104154438463,18.248842564786095,87.757186216984,94.64797069138703,13.18030015275133,156.61477894278622,54.32106071044019,41.437263230833864,4.009284403402469,5.1363784924276406,37.92175307257584,43.91476607777911,1.0
163.47782724271815,58.60034129593445,218.4330561064419,180.8535318980528,55.362442142665635,126.01983970788092,36.71511950137164,39.0,56.61271941887264,50.92150822589606,24.839484696748443,48.16637831516918,156.37575921498376,6.606869931277602,96.73788859475084,69.40154096044998,17.452556692309958,170.49582452723567,40.094639204296094,81.73444688278245,6.171684092706284,2.8973055414869013,43.16747220095305,28.864012156767597,1.0
180.23595645708434,48.104053883222775,228.17756243767704,188.8200201249857,61.40032573203501,129.0310040261642,49.9799959983992,47.50789408087881,55.362442142665635,48.83646178829912,24.758836806279895,56.32051136131489,174.6990734834745,10.833076354574574,69.15305841414624,94.12612996361588,4.184916125118406,164.03572968169465,57.53047848101448,59.86778434013831,1.1160103914072765,5.1311939637307855,53.31646310483927,26.006085696245826,1.0
167.7647161950331,59.20304046246274,226.27416997969522,188.55768348173987,61.91122676865643,128.3160161476345,37.21558813185679,38.48376280978771,56.32051136131489,48.104053883222775,25.495097567963924,56.32051136131489,169.7931875488314,10.957637752056897,96.1325512302131,94.86451443776053,7.549421768263101,163.7801840422391,41.07153270235633,58.32453126189079,2.6573906829053833,5.262178205703985,42.79591606743056,26.810954300348694,1.0
178.19652072922187,37.589892258425,214.59030733003763,179.3376703316958,48.16637831516918,133.5440002396214,46.75467891024384,24.839484696748443,56.04462507680822,37.589892258425,24.758836806279895,39.395431207184416,164.06517852765836,15.497126892194332,98.36732171270494,75.24703670758193,13.178292315923182,158.97272127726663,55.62501854296649,67.32591193296147,2.7565291564184347,5.53015183053907,26.007659744328592,37.42705135945659,1.0
177.49647883831386,51.264022471905186,225.36414976655004,186.07794065928394,47.4236228055175,139.97856978837868,47.4236228055175,47.4236228055175,70.0,50.32891812864648,47.4236228055175,55.08175741568164,156.24082272659263,11.736507237720653,95.12754042293001,68.51954694209718,18.500816827504867,164.31187437438635,42.436229788535,58.238743742470525,5.2583604459025075,3.9516183878929754,42.436229788535,53.24170931543228,1.0
166.06625183943908,59.405386961116584,225.36414976655004,185.21878954360974,47.4236228055175,139.08630414242805,47.50789408087881,46.75467891024384,71.0,37.589892258425,38.91015291668744,55.362442142665635,175.98348653522504,11.578576430567596,97.73612255920796,92.70395166645083,2.958578079980488,164.49727791388077,41.53177074108286,42.704879780819674,1.0579353847946702,3.924145655551482,40.73210669970919,44.59116855272949,1.0
178.2133552795637,50.32891812864648,225.36414976655004,186.07794065928394,61.91122676865643,124.16923934694937,61.40032573203501,24.08318915758459,72.56721022610694,51.264022471905186,38.91015291668744,61.40032573203501,156.86515717983136,0.4227476459788126,108.04285380087981,84.64953722006908,18.10108531645614,179.3664703030364,53.562861513808556,56.230114862064376,5.033757503712389,0.21078205098540168,18.394284685311636,39.120347917866546,1.0
208.65521800328887,50.32891812864648,255.03333115496883,232.24340679554285,69.77105417004964,162.49615380063616,47.4236228055175,47.50789408087881,71.00704190430693,59.20304046246274,46.75467891024384,72.78049189171504,154.59647094456355,1.251819661627857,96.83166351175582,85.91880749065386,20.54716353006957,178.21072078847178,41.53903615481157,54.23135523068022,4.856365525366822,0.5374595499009476,41.62930033343263,39.84983727866591,1.0
208.0600874747485,59.20304046246274,267.22649569232465,240.3018934590404,54.405882034941776,186.07794065928394,48.16637831516918,47.50789408087881,72.00694410957877,58.60034129593445,48.16637831516918,72.56721022610694,177.71552498634242,4.123085404287873,97.63435396372061,85.04081033300295,1.7784855466890082,174.67234916571104,41.527830252448474,53.56286151380854,0.5059894669690325,1.204565430001097,40.837815783830926,41.39632815318851,1.0
218.68927728629038,58.60034129593445,277.0433179125604,252.80031645549812,67.60177512462228,185.21878954360974,59.20304046246274,46.75467891024384,72.78049189171504,48.83646178829912,38.91015291668744,72.78049189171504,174.08343104404537,1.2003329123121986,85.91880749065386,111.58304492248476,4.667217298734337,178.36159333251672,54.23135523068022,38.60609248911176,1.2493516572201309,0.43807375517023156,39.84983727866591,29.810862588403484,1.0
225.36414976655004,48.104053883222775,273.11719096387907,256.55019002136794,70.83784299369935,186.59046063504962,59.20304046246274,47.4236228055175,72.56721022610694,48.83646178829912,24.758836806279895,56.32051136131489,172.37217772919178,7.690478613331766,85.01434844320173,94.12612996361588,6.288179116780005,169.397386894524,54.365551965773335,59.86778434013831,1.3396431540281348,2.9121344921442045,40.62009959102494,26.006085696245826,1.0
204.89997559785115,70.83784299369935,275.6700926832652,223.36517185989405,62.76941930590086,163.1686244349691,48.104053883222775,39.395431207184416,73.00684899377592,51.264022471905186,39.395431207184416,62.76941930590086,177.09343861654122,14.000562458449737,112.7221953433181,86.59355624500527,2.159973086661261,160.65926451696748,37.42769706938989,54.61315693163105,0.7465882967974115,5.340173024582866,29.85010758729201,38.793286823363665,1.0
186.07794065928394,48.104053883222775,233.25736858671797,197.60819821049935,61.40032573203501,142.00352108310554,37.589892258425,38.48376280978771,55.65968020030299,50.32891812864648,47.50789408087881,56.32051136131489,167.3844068687109,21.00428547119047,94.04328834536392,70.223670030923,10.034010159267552,150.07987787250877,42.35105976329384,57.23646808146422,2.5815829720214505,8.915836656300737,43.60565189134226,52.539861887612794,1.0
161.7930777258409,48.104053883222775,202.03217565526538,180.8535318980528,36.013886210738214,145.7840869230932,47.0,53.0,70.83784299369935,32.0,36.0,48.16637831516918,142.36004020306552,11.78264212122224,90.00000000000001,90.0,29.279072214177177,165.32586905399447,41.566369637549464,41.63353933657021,8.360887582757293,2.891488824783505,48.433630362450515,48.3664606634298,1.0
160.0,48.104053883222775,197.7725966861941,166.0873264279969,53.009433122794285,116.77756633874505,31.016124838541646,35.014282800023196,48.16637831516918,33.0,36.013886210738214,48.16637831516918,136.68468431789626,17.879295967965934,93.48418730761131,88.40885972880542,33.71011152709081,154.10966743787984,39.996962294953484,43.22467960776479,9.605204155012961,8.01103659415423,46.51885039743521,48.3664606634298,1.0
143.0,48.104053883222775,181.0331461362808,149.57606760441325,36.013886210738214,116.36150566231085,32.01562118716424,35.0,48.16637831516918,32.0,36.0,48.16637831516918,136.6846843178963,19.904956548348142,91.78991060824607,90.0,32.81231266318588,154.0464067134933,41.63353933657021,41.63353933657021,10.503003018917846,6.048636738158618,46.57655005518374,48.3664606634298,1.0
129.0310040261642,55.362442142665635,184.35834670553976,145.7840869230932,55.08175741568164,101.11874208078342,36.235341863986875,18.0,47.4236228055175,36.235341863986875,35.0,36.71511950137164,177.5609647629393,28.885504628746652,117.97947438848017,62.02052561151985,1.7067991027103915,135.85835401016857,42.43622978853498,60.64224645720873,0.732236134350374,15.256141361084808,19.58429582298485,57.33722793127141,1.0
129.0310040261642,39.395431207184416,168.00297616411441,117.78370006074695,36.013886210738214,86.53323061113575,24.041630560342615,18.0,38.91015291668744,49.9799959983992,23.430749027719962,47.4236228055175,170.39684756966636,25.109101944886824,135.0,70.07959402159025,7.361241987407429,144.71879220282563,25.906507999514382,82.24180088080018,2.241910442926138,10.172105852287487,19.093492000485625,27.67860509760956,1.0
126.15070352558483,55.08175741568164,180.8535318980528,132.9661611087573,36.0,100.23971268913334,32.01562118716424,38.07886552931954,39.81205847478876,32.0,19.0,37.21558813185679,171.9421965924875,21.16125981682826,68.59132009459788,90.0,5.611012103907844,151.3895403340348,48.47631274920114,59.30027744918559,2.446791303604578,7.449199849136919,62.93236715620098,30.69972255081442,1.0
125.15989773086265,39.92492955535426,164.14932226482082,132.9661611087573,36.0,100.23971268913334,32.01562118716424,38.07886552931954,39.81205847478876,32.0,35.0,47.4236228055175,165.73850126682552,21.16125981682826,68.59132009459788,90.0,10.826420794783726,151.3895403340348,48.47631274920114,42.436229788535,3.4350779383906898,7.449199849136919,62.93236715620098,47.563770211465,1.0
125.02799686470227,39.92492955535426,163.95731151735808,117.6860229593982,36.0,86.2670273047588,36.71511950137164,18.0,48.16637831516918,36.71511950137164,36.0,36.71511950137164,165.28447979748202,24.60512391795161,119.35775354279127,60.64224645720873,11.169173756657402,145.3888578154696,41.63353933657021,60.64224645720873,3.546346445860604,10.006018266578746,19.008707120638544,58.71550708558254,1.0
128.7866452703851,53.009433122794285,180.8535318980528,117.27318534089538,55.08175741568164,82.97590011563598,24.758836806279895,18.0,39.81205847478876,47.0,38.07886552931954,47.4236228055175,167.15258224750698,39.96342907725981,136.6365770416167,66.80140948635182,9.110577663367092,114.79878069106896,25.27772223555298,65.63482030218319,3.7368400891259657,25.23779023167123,18.085700722830307,47.563770211465,1.0
124.16923934694937,39.0,162.18816233005415,115.95257651298655,52.0,71.58910531638176,36.235341863986875,18.027756377319946,46.75467891024384,36.235341863986875,35.014282800023196,35.84689665786984,165.24921060375,23.91231755175091,114.79964426861594,60.38394856990315,11.24065103316385,138.96465472285615,44.71160086094708,61.495191489541384,3.5101383630860346,17.123027725393005,20.488754870437003,58.12085994055548,1.0
111.68258592994702,53.009433122794285,163.36768346279504,94.57801012920498,36.013886210738214,62.433965115151864,36.71511950137164,22.67156809750927,38.91015291668744,32.0,23.430749027719962,24.758836806279895,164.43081868805757,21.367216873833797,77.93408791778862,50.1944289077348,10.572916399173728,146.50075279315226,67.33017362451704,83.16899405064848,4.996264912768655,12.132030333013965,34.735738457694346,46.63657704161672,1.0
111.68258592994702,55.08175741568164,166.76030702778164,79.20227269466452,36.0,48.83646178829912,46.75467891024384,15.033296378372908,39.395431207184416,32.0,18.027756377319946,35.84689665786984,179.15240845533077,24.623564786163627,52.28230409320749,86.82016988013577,0.5676369461492592,137.48955292199918,110.14841414028785,63.03844456778889,0.2799545985185097,17.886882291837228,17.569281766504673,30.141385552075345,1.0
110.72488428533127,53.009433122794285,162.3884232326923,77.87810988975015,35.014282800023196,48.83646178829912,46.75467891024384,15.033296378372908,39.395431207184416,32.0,18.027756377319946,35.84689665786984,164.2825524053554,25.89786789409451,52.28230409320749,86.82016988013577,10.644187828504368,135.85297588038244,110.14841414028785,63.03844456778889,5.073259766140306,18.249156225523045,17.569281766504673,30.141385552075345,1.0
110.72488428533127,39.0,149.57606760441325,77.38862965578342,35.0,48.104053883222775,47.50789408087881,1.0,46.75467891024384,17.0,18.0,24.758836806279895,174.17850683326517,25.240529264786783,40.73210669970919,90.0,4.306048670886619,136.68468431789634,138.46822925891715,43.36342295838328,1.515444495848558,18.07478641731693,0.7996640413742125,46.63657704161672,1.0
111.68258592994702,36.013886210738214,146.75830470538966,77.87810988975015,36.013886210738214,48.104053883222775,35.84689665786984,15.0,24.08318915758459,32.0,17.029386365926403,35.35533905932738,164.94103477259137,25.85243112367238,30.141385552075345,86.63353933657021,11.403476520722055,135.0935440467017,131.63353933657018,64.62666537174177,3.655488706686468,19.054024829625938,18.22507511135447,28.739795291688043,1.0
111.68258592994702,39.0,150.5257453062432,63.28506932918696,36.0,37.589892258425,46.75467891024384,17.0,35.84689665786984,17.029386365926403,17.0,24.758836806279895,174.03024055056244,31.429565614838506,41.531770741082845,93.3664606634298,4.4256532778402615,118.61045966596521,120.14138555207535,43.36342295838328,1.5441061715974382,29.959974719196268,18.326843706841807,43.27011637818692,1.0
116.86744627996283,36.013886210738214,150.8409758653132,90.60905032059435,39.0,61.91122676865643,32.01562118716424,24.08318915758459,24.839484696748443,49.9799959983992,23.430749027719962,47.4236228055175,157.8775453848537,33.43374246166542,50.15637127167588,70.07959402159025,16.963925313937334,126.25766485516755,81.73444688278244,82.24180088080018,5.158529301208919,20.308592683167042,48.1091818455417,27.67860509760956,1.0
127.09445306542689,40.311288741492746,167.0449041425688,110.72488428533127,35.0,77.87810988975015,36.71511950137164,23.430749027719962,39.81205847478876,47.0,38.07886552931954,47.4236228055175,171.1977212722706,16.798371781305296,79.55218245052608,66.80140948635182,6.685976823219955,155.73870914752223,65.08329332781815,65.63482030218319,2.116301904509524,7.4629190711724345,35.36452422165578,47.563770211465,1.0
128.06248474865697,54.00925846556311,181.0331461362808,132.60844618650805,53.0,85.14693182963201,36.71511950137164,35.014282800023196,61.40032573203501,37.12142238654117,36.013886210738214,37.21558813185679,166.59061759019835,20.758324271546417,117.72117650117455,61.15353135386235,9.442091328653596,146.4965630175858,31.960183904166687,60.891417720380176,3.967291081148096,12.745112710867812,30.31863959465875,57.955050925757476,1.0
132.9661611087573,53.0,183.3930205869351,128.06248474865697,36.013886210738214,93.98404119849285,50.32891812864648,38.07886552931954,61.91122676865643,32.0,36.013886210738214,47.50789408087881,158.8387401831718,16.0614343712605,87.757186216984,88.40885972880542,15.172915345525194,157.85281450922196,54.32106071044019,42.323246970903774,5.9883444713029705,6.085751119517536,37.92175307257584,49.26789330029082,1.0
132.60844618650805,54.00925846556311,184.35834670553976,128.3160161476345,36.0,93.98404119849285,50.32891812864648,23.430749027719962,48.16637831516918,32.0,36.013886210738214,47.50789408087881,160.30258741871782,14.902654239031104,71.15020563836698,88.40885972880542,14.030660988330666,159.44395478041653,81.4391104288354,42.323246970903774,5.6667515929515595,5.653390980552433,27.41068393279762,49.26789330029082,1.0
130.24976007655445,55.08175741568164,185.32404053441098,133.5440002396214,36.0,100.64790112068906,37.589892258425,18.027756377319946,48.16637831516918,47.0,39.0,48.16637831516918,178.87387918351695,20.606260613836866,115.43062954610097,67.38013505195957,0.7914363759419024,152.16191880286524,44.81336945643443,64.25340428461062,0.33468444054193414,7.2318205832978775,19.756000997464593,48.36646066342981,1.0
149.89329538041386,54.00925846556311,202.03217565526538,145.5609837834301,36.013886210738214,111.01801655587259,51.264022471905186,38.07886552931954,62.433965115151864,47.0,39.0,48.16637831516918,162.38420995807422,14.290724760792033,87.35745470593528,67.38013505195957,12.975331777662197,161.11641032892763,55.10669744930134,64.25340428461062,4.640458264263574,4.59286491028028,37.53584784476338,48.36646066342981,1.0
167.0449041425688,54.00925846556311,219.53815158190613,163.1686244349691,54.0,110.72488428533127,51.264022471905186,38.48376280978771,61.91122676865643,47.0,39.0,48.16637831516918,164.3616674562705,11.309932474020293,85.98887389898216,67.38013505195957,11.835897447404603,163.20162821869462,55.689641517393305,64.25340428461062,3.8024350963249347,5.488439307285007,38.32148458362455,48.36646066342981,1.0
150.8409758653132,71.80529228406496,222.40728405337808,163.1686244349691,36.0,128.06248474865697,65.52098900352466,39.0,72.24956747275377,33.0,53.009433122794285,61.91122676865643,174.31993597448061,11.309932474020293,83.32553095288242,88.91907581333932,3.848917857831062,165.52970589993404,64.25340428461064,32.20339438345268,1.831146167688398,3.1603616260455496,32.42106476250693,58.877529803208006,1.0
167.3349933516597,56.04462507680822,223.36517185989405,179.86939706353607,36.0,144.5856147754679,65.80273550544841,54.120236510939236,85.70297544426332,48.010415536631214,54.00925846556311,70.83784299369935,178.4969036617075,10.247864111110289,90.69182779641854,87.74559888575375,1.125994501847781,167.21329855081316,50.15172516566002,42.627281327813705,0.37710183644515616,2.5388373380763776,39.15644703792145,49.62711978643255,1.0
